id,name,logo_url,transparency_grade,coverage_type,order_books,first_trade,first_candle,first_order_book,num_pairs,num_pairs_unmapped,last_updated,fiat_currencies,rank,weight,centralized,decentralized,1d.volume,1d.volume_change,1d.volume_change_pct,1d.trades,1d.trades_change,1d.trades_change_pct,1d.spot_volume,1d.spot_volume_change,1d.spot_volume_change_pct,1d.derivative_volume,1d.derivative_volume_change,1d.derivative_volume_change_pct,location,website_url
binance,Binance,https://s3.us-east-2.amazonaws.com/nomics-api/static/images/exchanges/binance.svg,A,trades,true,2017-07-13T00:00:00Z,2017-07-13T00:00:00Z,2018-08-29T00:00:00Z,2135,4,2022-01-20T00:02:57.611Z,AUD;BRL;EUR;GBP;NGN;RUB;TRY;UAH;USD;ZAR,1,1.0000,true,false,34968897971.17,-2673772241.57,-0.0710,43092063,-4183892,-0.0885,13040185693.24,-1190569292.74,-0.0837,21928712277.93,-1483202948.83,-0.0634,Malta,https://www.binance.com/
ftx,FTX,https://s3.us-east-2.amazonaws.com/nomics-api/static/images/exchanges/ftx.png,A,trades,true,2019-03-05T00:00:00Z,2019-03-05T00:00:00Z,2019-10-15T00:00:00Z,1944,97,2022-01-20T00:03:12.682Z,AUD;BRL;EUR;USD,2,0.8426,true,false,17812959622.72,5584676751.70,0.4567,8291340,-335104,-0.0388,1863078722.55,147077284.39,0.0857,15949880900.17,5437599467.31,0.5173,Antigua and Barbuda,https://ftx.com/
cryptomkt,CryptoMarket,https://s3.us-east-2.amazonaws.com/nomics-api/static/images/exchanges/cryptomkt.jpeg,A,trades,true,2013-12-27T00:00:00Z,2013-12-27T00:00:00Z,2021-12-01T00:00:00Z,149,5,2022-01-20T00:02:51.832Z,BRL;CLP,3,0.5404,true,false,3133990568.90,-274230807.25,-0.0805,509056,-24289,-0.0455,3133990568.90,-274230807.25,-0.0805,,,,Chile,https://www.cryptomkt.com/
gdax,Coinbase Exchange,https://s3.us-east-2.amazonaws.com/nomics-api/static/images/exchanges/gdax.png,A,trades,true,2014-12-01T00:00:00Z,2014-12-01T00:00:00Z,2018-09-11T00:00:00Z,434,9,2022-01-20T00:03:08.086Z,EUR;GBP;USD,4,0.8999,true,false,3075137778.04,-135887665.72,-0.0423,4450449,-137715,-0.0300,3075137778.04,-135887665.72,-0.0423,,,,United States,https://www.coinbase.com/
uniswapv3,Uniswap V3 (Ethereum),https://s3.us-east-2.amazonaws.com/nomics-api/static/images/exchanges/uniswapv3.png,A,trades,true,2021-05-04T00:00:00Z,2021-05-04T00:00:00Z,2021-11-11T00:00:00Z,3428,2194,2022-01-20T00:01:54Z,,5,0.8262,false,true,1675489178.00,-61701833.81,-0.0355,32298,53,0.0016,1675489178.00,-61701833.81,-0.0355,,,,United States,https://uniswap.org
gateio,Gate.io,https://s3.us-east-2.amazonaws.com/nomics-api/static/images/exchanges/gateio.png,A,trades,true,2017-09-29T00:00:00Z,2017-09-29T00:00:00Z,2021-06-11T00:00:00Z,2525,66,2022-01-20T00:02:55.251Z,USD,6,0.7431,true,false,1096211749.78,-113437609.34,-0.0938,6216876,-722339,-0.1041,1096211749.78,-113437609.34,-0.0938,,,,Cayman Islands,https://www.gate.io/
bitmex,Bitmex,https://s3.us-east-2.amazonaws.com/nomics-api/static/images/exchanges/bitmex.png,A,trades,true,2014-11-06T00:00:00Z,2014-11-06T00:00:00Z,2018-09-12T00:00:00Z,322,462,2022-01-20T00:03:12.126Z,CNY;EUR;JPY;USD,7,0.7423,true,false,1074186920.89,182664576.21,0.2049,261237,-14275,-0.0518,,,,1074186920.89,182664576.21,0.2049,Seychelles,https://www.bitmex.com/
lbank,Lbank,https://s3.us-east-2.amazonaws.com/nomics-api/static/images/exchanges/lbank.jpg,A,trades,true,2017-09-29T00:00:00Z,2017-09-29T00:00:00Z,2019-06-04T00:00:00Z,1331,50,2022-01-20T00:03:04.457Z,,8,0.6617,true,false,934057841.28,-153160026.08,-0.1409,5081741,-257699,-0.0483,934057841.28,-153160026.08,-0.1409,,,,China,https://www.lbank.info/
kraken,Kraken,https://s3.us-east-2.amazonaws.com/nomics-api/static/images/exchanges/kraken.svg,A,trades,true,2013-09-10T00:00:00Z,2013-09-10T00:00:00Z,2019-01-31T00:00:00Z,434,0,2022-01-20T00:03:04.15Z,AUD;CAD;CHF;EUR;GBP;JPY;USD,9,0.7731,true,false,884269444.37,-98643374.55,-0.1004,512357,-73299,-0.1252,884269444.37,-98643374.55,-0.1004,,,,United States,https://www.kraken.com/
deversifi,DeversiFi,https://s3.us-east-2.amazonaws.com/nomics-api/static/images/exchanges/deversifi.jpg,A,trades,true,2013-01-14T00:00:00Z,2013-01-14T00:00:00Z,2020-03-25T00:00:00Z,495,204,2022-01-20T00:03:05.144Z,EUR;GBP;JPY;USD,10,0.5936,false,true,874410932.85,-78280485.26,-0.0822,628395,-75817,-0.1077,874410932.85,-78280485.26,-0.0822,0.00,,,British Virgin Islands,https://www.deversifi.com/
phemex,Phemex,https://s3.us-east-2.amazonaws.com/nomics-api/static/images/exchanges/phemex.jpeg,A,trades,true,2019-11-24T00:00:00Z,2019-11-24T00:00:00Z,2020-04-20T00:00:00Z,6,9,2022-01-20T00:00:04.612Z,USD,11,0.6356,true,false,550693361.00,32127823.82,0.0620,115469,-6167,-0.0507,,,,550693361.00,32127823.82,0.0620,Singapore,https://phemex.com/
pancakeswapv2,PancakeSwap V2,https://s3.us-east-2.amazonaws.com/nomics-api/static/images/exchanges/pancakeswapv2.jpg,A,trades,true,2021-04-23T00:00:00Z,2021-04-23T00:00:00Z,2021-10-28T00:00:00Z,22591,675650,2022-01-20T00:01:51Z,,12,0.8192,false,true,542411074.34,-37868800.38,-0.0653,1172418,-119632,-0.0926,542411074.34,-37868800.38,-0.0653,,,,Japan,https://pancakeswap.finance
bitflyer,bitFlyer,https://s3.us-east-2.amazonaws.com/nomics-api/static/images/exchanges/bitflyer.png,A,trades,true,2015-06-24T00:00:00Z,2015-06-24T00:00:00Z,2019-10-22T00:00:00Z,130,0,2022-01-20T00:01:52.217Z,EUR;JPY;USD,13,0.7077,true,false,407672466.13,12177293.15,0.0308,327189,4571,0.0142,146521468.18,6746645.51,0.0483,261150997.95,5430647.65,0.0212,Japan,https://bitflyer.com/
curve,Curve Finance,https://s3.us-east-2.amazonaws.com/nomics-api/static/images/exchanges/curve.jpg,A,trades,false,2021-04-07T00:00:00Z,2021-04-07T00:00:00Z,,110,4,2022-01-19T23:59:01Z,,14,0.6571,false,true,347787104.13,118827290.52,0.5190,538,36,0.0717,347787104.13,118827290.52,0.5190,,,,Switzerland,https://curve.fi/
uniswapv2,Uniswap V2,https://s3.us-east-2.amazonaws.com/nomics-api/static/images/exchanges/uniswap.svg,A,trades,true,2020-05-05T00:00:00Z,2020-05-05T00:00:00Z,2021-10-27T00:00:00Z,12176,49708,2022-01-20T00:01:59Z,USD,15,0.7621,false,true,322191888.97,-41254694.21,-0.1135,45120,-2747,-0.0574,322191888.97,-41254694.21,-0.1135,,,,United States,https://uniswap.org
delta_futures,Delta Exchange,https://s3.us-east-2.amazonaws.com/nomics-api/static/images/exchanges/delta_futures.png,A+,trades,true,2019-03-13T00:00:00Z,2019-03-13T00:00:00Z,2019-11-15T00:00:00Z,28884,11,2022-01-20T00:03:02.492242Z,USD,16,0.6181,true,false,316683135.29,8178423.82,0.0265,476559,-83436,-0.1490,,,,316683135.29,8178423.82,0.0265,Singapore,https://delta.exchange/
spookyswap,SpookySwap,https://s3.us-east-2.amazonaws.com/nomics-api/static/images/exchanges/spookyswap.png,A,trades,true,2021-04-17T00:00:00Z,2021-04-17T00:00:00Z,2021-10-27T00:00:00Z,411,10230,2022-01-20T00:01:48Z,,17,0.6239,false,true,287249100.54,6747509.93,0.0241,123120,-5031,-0.0393,287249100.54,6747509.93,0.0241,,,,,https://spookyswap.finance/
bitstamp,Bitstamp,https://s3.us-east-2.amazonaws.com/nomics-api/static/images/exchanges/bitstamp.jpg,A,trades,true,2011-08-18T00:00:00Z,2011-08-18T00:00:00Z,2019-03-13T00:00:00Z,144,2,2022-01-20T00:03:15Z,EUR;GBP;USD,18,0.6850,true,false,215610999.30,-29756082.58,-0.1213,82862,-6113,-0.0687,204285334.49,-20344406.73,-0.0906,,,,Luxembourg,https://www.bitstamp.net/
probit,ProBit,https://s3.us-east-2.amazonaws.com/nomics-api/static/images/exchanges/probit.jpg,A,trades,true,2018-12-27T00:00:00Z,2018-12-27T00:00:00Z,2020-03-27T00:00:00Z,1452,159,2022-01-20T00:03:07.272Z,KRW,19,0.6323,true,false,215446762.25,-5426525.35,-0.0246,487487,-21026,-0.0413,215446762.25,-5426525.35,-0.0246,,,,Seychelles,https://www.probit.com
sushiswap,SushiSwap (Ethereum),https://s3.us-east-2.amazonaws.com/nomics-api/static/images/exchanges/sushiswap.jpg,A,trades,true,2020-09-04T00:00:00Z,2020-09-04T00:00:00Z,2021-10-27T00:00:00Z,1504,1019,2022-01-20T00:00:37Z,,20,0.6750,false,true,208361597.32,-98662920.46,-0.3214,13428,-1964,-0.1276,208361597.32,-98662920.46,-0.3214,,,,,https://sushi.com
traderjoe,Trader Joe,https://s3.us-east-2.amazonaws.com/nomics-api/static/images/exchanges/traderjoe.png,A,trades,true,2021-06-29T00:00:00Z,2021-06-29T00:00:00Z,2021-10-27T00:00:00Z,629,8941,2022-01-20T00:02:02Z,,21,0.6132,false,true,205626363.51,-15125027.67,-0.0685,110373,-14744,-0.1178,205626363.51,-15125027.67,-0.0685,,,,,https://www.traderjoexyz.com/
ftx_us,FTX.us,https://s3.us-east-2.amazonaws.com/nomics-api/static/images/exchanges/ftx_us.png,A,trades,true,2020-04-05T00:00:00Z,2020-04-05T00:00:00Z,2020-05-21T00:00:00Z,65,0,2022-01-20T00:02:51.282Z,AUD;BRL;EUR;USD,22,0.6107,true,false,189901381.08,62564798.97,0.4913,52140,-2801,-0.0510,189901381.08,62564798.97,0.4913,,,,United States,https://ftx.us/
gemini,Gemini,https://s3.us-east-2.amazonaws.com/nomics-api/static/images/exchanges/gemini.svg,A,trades,true,2015-10-08T00:00:00Z,2015-10-08T00:00:00Z,2019-03-05T00:00:00Z,103,10,2022-01-20T00:02:34Z,EUR;GBP;SGD;USD,23,0.6799,true,false,146675413.90,10872807.21,0.0801,216383,18995,0.0962,146675413.90,10872807.21,0.0801,,,,United States,https://www.gemini.com/
sushiswap_avalanche,SushiSwap (Avalanche),https://s3.us-east-2.amazonaws.com/nomics-api/static/images/exchanges/sushiswap.jpg,A,trades,true,2021-03-15T00:00:00Z,2021-03-15T00:00:00Z,2021-10-27T00:00:00Z,75,98,2022-01-20T00:02:41Z,,24,0.6476,false,true,95724206.44,-13266997.36,-0.1217,17772,-7625,-0.3002,95724206.44,-13266997.36,-0.1217,,,,,https://sushi.com
liquid,Liquid,https://s3.us-east-2.amazonaws.com/nomics-api/static/images/exchanges/liquid.jpg,A,trades,true,2014-07-17T00:00:00Z,2014-07-17T00:00:00Z,2019-05-09T00:00:00Z,618,18,2022-01-20T00:01:22Z,AUD;CNY;EUR;HKD;IDR;INR;JPY;PHP;SGD;USD,25,0.6017,true,false,85151465.42,9030194.27,0.1186,114115,6502,0.0604,79864362.80,7988614.28,0.1111,,,,Japan,https://www.liquid.com/
poloniex,Poloniex,https://s3.us-east-2.amazonaws.com/nomics-api/static/images/exchanges/poloniex.svg,A,trades,true,2014-01-18T00:00:00Z,2014-01-18T00:00:00Z,2018-12-05T00:00:00Z,607,4,2022-01-20T00:02:46Z,,26,0.6556,true,false,75060304.68,1556402.28,0.0212,276124,-26073,-0.0863,75060304.68,1556402.28,0.0212,,,,United States,https://poloniex.com/
spiritswap,SpiritSwap,https://s3.us-east-2.amazonaws.com/nomics-api/static/images/exchanges/spiritswap.jpg,A,trades,true,2021-04-25T00:00:00Z,2021-04-25T00:00:00Z,2021-10-27T00:00:00Z,161,1465,2022-01-20T00:01:59Z,,27,0.4394,false,true,52746059.67,-4451180.52,-0.0778,23571,-4097,-0.1481,52746059.67,-4451180.52,-0.0778,,,,,https://www.spiritswap.finance
sushiswap_arbitrum,SushiSwap (Arbitrum),https://s3.us-east-2.amazonaws.com/nomics-api/static/images/exchanges/sushiswap.jpg,A,trades,true,2021-08-31T00:00:00Z,2021-08-31T00:00:00Z,2021-10-27T00:00:00Z,116,765,2022-01-19T23:59:01Z,,28,0.6218,false,true,46060475.54,-13812901.01,-0.2307,3413,-659,-0.1618,46060475.54,-13812901.01,-0.2307,,,,,https://sushi.com
uniswapv3_polygon,Uniswap V3 (Polygon),https://s3.us-east-2.amazonaws.com/nomics-api/static/images/exchanges/uniswapv3.png,A,trades,true,2021-12-20T00:00:00Z,2021-12-20T00:00:00Z,2022-01-03T00:00:00Z,295,648,2022-01-20T00:02:08Z,,29,0.6859,false,true,45440485.87,-11500504.72,-0.2020,29845,-3028,-0.0921,45440485.87,-11500504.72,-0.2020,,,,United States,https://uniswap.org
quickswap,QuickSwap,https://s3.us-east-2.amazonaws.com/nomics-api/static/images/exchanges/quickswap.jpg,A,trades,true,2020-10-08T00:00:00Z,2020-10-08T00:00:00Z,2021-10-27T00:00:00Z,2291,24479,2022-01-20T00:01:40Z,,30,0.5928,false,true,39940094.49,-10631877.30,-0.2102,63509,-6788,-0.0966,39940094.49,-10631877.30,-0.2102,,,,,https://quickswap.exchange/
dodo,DODO (Ethereum),https://s3.us-east-2.amazonaws.com/nomics-api/static/images/exchanges/dodo.png,A,trades,false,2020-08-10T00:00:00Z,2020-08-10T00:00:00Z,,6685,942,2022-01-19T23:58:34Z,,31,0.5602,false,true,39277001.45,-7554669.86,-0.1613,117,-28,-0.1931,39277001.45,-7554669.86,-0.1613,,,,,https://dodoex.io
uniswapv3_arbitrum,Uniswap V3 (Arbitrum),https://s3.us-east-2.amazonaws.com/nomics-api/static/images/exchanges/uniswapv3.png,A,trades,true,2021-06-01T00:00:00Z,2021-06-01T00:00:00Z,2021-11-11T00:00:00Z,95,187,2022-01-20T00:00:00Z,,32,0.6772,false,true,36294745.10,-11843657.17,-0.2460,2930,-684,-0.1893,36294745.10,-11843657.17,-0.2460,,,,United States,https://uniswap.org
balancerv2,Balancer V2 (Ethereum),https://s3.us-east-2.amazonaws.com/nomics-api/static/images/exchanges/balancer.png,A,trades,false,2021-04-22T00:00:00Z,2021-04-22T00:00:00Z,,516,72,2022-01-19T23:58:34Z,,33,0.5707,false,true,33188426.95,4416007.24,0.1535,869,31,0.0370,33188426.95,4416007.24,0.1535,,,,,https://balancer.fi
dodo_polygon,DODO (Polygon),https://s3.us-east-2.amazonaws.com/nomics-api/static/images/exchanges/dodo.png,A,trades,false,2021-05-24T00:00:00Z,2021-05-24T00:00:00Z,,1499,3757,2022-01-20T00:00:08Z,,34,0.5536,false,true,31923329.02,667882.12,0.0214,7939,-2057,-0.2058,31923329.02,667882.12,0.0214,,,,,https://dodoex.io
equos,EQONEX,https://s3.us-east-2.amazonaws.com/nomics-api/static/images/exchanges/equos.png,A+,trades,true,2020-05-15T00:00:00Z,2020-05-15T00:00:00Z,2020-11-04T00:00:00Z,13,0,2022-01-20T00:02:13.98Z,,35,0.3471,true,false,30654100.17,4207903.30,0.1591,16632,916,0.0583,19855148.84,956658.29,0.0506,10798951.34,3251245.01,0.4308,Singapore,https://eqonex.com/
balancerv2_polygon,Balancer V2 (Polygon),https://s3.us-east-2.amazonaws.com/nomics-api/static/images/exchanges/balancer.png,A,trades,false,2021-06-24T00:00:00Z,2021-06-24T00:00:00Z,,366,402,2022-01-20T00:02:48Z,,36,0.5563,false,true,21455562.38,1852635.12,0.0945,12607,618,0.0515,21455562.38,1852635.12,0.0945,,,,,https://balancer.fi
belfrics,Belfrics,https://s3.us-east-2.amazonaws.com/nomics-api/static/images/exchanges/belfrics.png,A+,trades,false,2017-10-20T00:00:00Z,2017-10-20T00:00:00Z,,102,60,2022-01-19T19:43:20Z,INR;KES;NGN;TZS;USD,37,0.3552,true,false,21207320.56,-620548.63,-0.0284,389,74,0.2349,21207320.56,-620548.63,-0.0284,,,,Malaysia,https://belfrics.com
cex,CEX.IO,https://s3.us-east-2.amazonaws.com/nomics-api/static/images/exchanges/cex.png,A,trades,true,2013-12-27T00:00:00Z,2013-12-27T00:00:00Z,2019-06-07T00:00:00Z,265,2,2022-01-20T00:03:09Z,EUR;GBP;RUB;USD,38,0.6243,true,false,20580078.73,-3110545.37,-0.1313,81830,-23089,-0.2201,20580078.73,-3110545.37,-0.1313,,,,United Kingdom,https://cex.io/
sushiswap_polygon,SushiSwap (Polygon),https://s3.us-east-2.amazonaws.com/nomics-api/static/images/exchanges/sushiswap.jpg,A,trades,true,2021-03-03T00:00:00Z,2021-03-03T00:00:00Z,2021-10-27T00:00:00Z,776,4075,2022-01-20T00:02:10Z,,39,0.5901,false,true,18718892.31,-15169863.29,-0.4476,26314,-4748,-0.1529,18718892.31,-15169863.29,-0.4476,,,,,https://sushi.com
pangolin,Pangolin,https://s3.us-east-2.amazonaws.com/nomics-api/static/images/exchanges/pangolin.png,A,trades,true,2021-02-08T00:00:00Z,2021-02-08T00:00:00Z,2021-10-29T00:00:00Z,601,1967,2022-01-20T00:01:38Z,,40,0.5047,false,false,18048449.88,2118493.76,0.1330,17892,861,0.0506,18048449.88,2118493.76,0.1330,,,,,https://pangolin.exchange
coinfield,CoinField,https://s3.us-east-2.amazonaws.com/nomics-api/static/images/exchanges/coinfield.jpg,A,trades,true,2018-04-05T00:00:00Z,2018-04-05T00:00:00Z,2020-02-13T00:00:00Z,80,3,2022-01-20T00:02:48Z,AED;CAD;EUR;GBP;JPY;USD,41,0.4272,true,false,17335244.86,184544.01,0.0108,29481,-982,-0.0322,17335244.86,184544.01,0.0108,,,,Canada,https://www.coinfield.com/
babyswap,BabySwap,https://s3.us-east-2.amazonaws.com/nomics-api/static/images/exchanges/babyswap.png,A,trades,true,2021-06-01T00:00:00Z,2021-06-01T00:00:00Z,2021-10-27T00:00:00Z,695,386,2022-01-20T00:01:42Z,,42,0.4481,false,true,16093270.03,-2315081.02,-0.1258,15995,-2383,-0.1297,16093270.03,-2315081.02,-0.1258,,,,,https://home.babyswap.finance
bitso,Bitso,https://s3.us-east-2.amazonaws.com/nomics-api/static/images/exchanges/bitso.jpg,A,trades,true,2014-04-07T00:00:00Z,2014-04-07T00:00:00Z,2019-07-26T00:00:00Z,42,2,2022-01-20T00:02:43Z,ARS;BRL;MXN;USD,43,0.5315,true,false,16028848.27,-4601359.12,-0.2230,70549,-22225,-0.2396,16028848.27,-4601359.12,-0.2230,,,,Mexico,https://bitso.com/
mdex_bsc,Mdex (BSC),https://s3.us-east-2.amazonaws.com/nomics-api/static/images/exchanges/mdex_bsc.png,A,trades,true,2021-04-08T00:00:00Z,2021-04-08T00:00:00Z,2021-11-15T00:00:00Z,550,924,2022-01-20T00:01:51Z,,44,0.5270,false,true,13949792.45,292046.11,0.0214,7060,-1059,-0.1304,13949792.45,292046.11,0.0214,,,,,https://mdex.com
shibaswap,ShibaSwap,https://s3.us-east-2.amazonaws.com/nomics-api/static/images/exchanges/shibaswap.png,A,trades,true,2021-07-06T00:00:00Z,2021-07-06T00:00:00Z,2021-10-27T00:00:00Z,319,73,2022-01-20T00:00:17Z,,45,0.4795,false,true,12880143.91,1461086.29,0.1280,1302,-362,-0.2175,12880143.91,1461086.29,0.1280,,,,,https://shibaswap.com/
apeswap,ApeSwap (BSC),https://s3.us-east-2.amazonaws.com/nomics-api/static/images/exchanges/apeswap.jpg,A,trades,true,2021-02-14T00:00:00Z,2021-02-14T00:00:00Z,2021-10-27T00:00:00Z,1352,1686,2022-01-20T00:01:51Z,,46,0.5311,false,true,12532371.66,-2572717.34,-0.1703,29439,-4080,-0.1217,12532371.66,-2572717.34,-0.1703,,,,,https://apeswap.finance
polyx,Polyx,https://s3.us-east-2.amazonaws.com/nomics-api/static/images/exchanges/polyx.svg,A+,trades,true,2018-08-31T00:00:00Z,2018-08-31T00:00:00Z,2019-09-12T00:00:00Z,10,4,2022-01-20T00:01:53.981Z,,47,0.1419,true,false,12198452.32,-136945.02,-0.0111,7765,201,0.0266,12198452.32,-136945.02,-0.0111,,,,Estonia,https://polyx.net
balancer,Balancer V1,https://s3.us-east-2.amazonaws.com/nomics-api/static/images/exchanges/balancer.png,A,trades,false,2020-03-13T00:00:00Z,2020-03-13T00:00:00Z,,8329,887,2022-01-20T00:02:05Z,,48,0.5374,false,true,12092281.81,-10384893.42,-0.4620,343,-174,-0.3366,12092281.81,-10384893.42,-0.4620,,,,,https://balancer.fi
uniswapv3_optimism,Uniswap V3 (Optimism),https://s3.us-east-2.amazonaws.com/nomics-api/static/images/exchanges/uniswapv3.png,A,trades,true,2021-07-08T00:00:00Z,2021-07-08T00:00:00Z,2021-11-11T00:00:00Z,193,89,2022-01-19T23:49:14Z,,49,0.6259,false,true,9712544.06,569650.00,0.0623,3485,746,0.2724,9712544.06,569650.00,0.0623,,,,United States,https://uniswap.org
scalpex,Scalpex,https://s3.us-east-2.amazonaws.com/nomics-api/static/images/exchanges/scalpex.png,A+,trades,true,2020-09-24T00:00:00Z,2020-09-24T00:00:00Z,2021-08-11T00:00:00Z,12,0,2022-01-20T00:02:45.023Z,USD,50,0.1616,true,false,9302429.06,1589726.76,0.2061,33539,2210,0.0705,1687490.20,383831.28,0.2944,7614938.87,1205895.49,0.1882,British Virgin Islands,https://www.scalpex.com
nominex,Nominex,https://s3.us-east-2.amazonaws.com/nomics-api/static/images/exchanges/nominex.png,A,trades,true,2019-09-27T00:00:00Z,2019-09-27T00:00:00Z,2020-04-24T00:00:00Z,921,1,2022-01-20T00:03:03.958Z,,51,0.3836,true,false,7383749.37,-1313115.33,-0.1510,18697,-3517,-0.1583,7383749.37,-1313115.33,-0.1510,,,,Seychelles,https://nominex.io/
solarbeam,Solarbeam,https://s3.us-east-2.amazonaws.com/nomics-api/static/images/exchanges/solarbeam.jpg,A,trades,true,2021-09-01T00:00:00Z,2021-09-01T00:00:00Z,2021-11-09T00:00:00Z,107,389,2022-01-20T00:01:30Z,,52,0.3153,false,true,6319961.89,-3485886.74,-0.3555,9592,-1148,-0.1069,6319961.89,-3485886.74,-0.3555,,,,,https://solarbeam.io
coinflex,CoinFLEX,https://s3.us-east-2.amazonaws.com/nomics-api/static/images/exchanges/coinflex.jpg,A,trades,true,2019-04-02T00:00:00Z,2019-04-02T00:00:00Z,2020-02-10T00:00:00Z,141,57,2022-01-20T00:02:41.083Z,USD,53,0.3720,true,false,6137309.27,4842806.38,3.7411,215967,-53958,-0.1999,5926955.56,4977915.14,5.2452,210353.71,-135108.76,-0.3911,Seychelles,https://coinflex.com/
vvs_finance,VVS Finance,https://s3.us-east-2.amazonaws.com/nomics-api/static/images/exchanges/vvs_finance.jpg,A,trades,true,2021-11-09T00:00:00Z,2021-11-09T00:00:00Z,2022-01-19T00:00:00Z,29,108,2022-01-19T23:58:43Z,,54,0.2974,false,true,5235976.76,2477620.98,0.8982,5911,2563,0.7655,5235976.76,2477620.98,0.8982,,,,,https://vvs.finance
crosstower,CrossTower,https://s3.us-east-2.amazonaws.com/nomics-api/static/images/exchanges/crosstower.jpg,A,trades,true,2020-03-17T00:00:00Z,2020-03-17T00:00:00Z,2020-11-04T00:00:00Z,81,34,2022-01-20T00:01:48.434Z,USD,55,0.2746,true,false,4796290.68,1685055.10,0.5416,4326,1028,0.3117,4796290.68,1685055.10,0.5416,,,,United States,https://crosstower.com/
viperswap,ViperSwap,https://s3.us-east-2.amazonaws.com/nomics-api/static/images/exchanges/viperswap.png,A,trades,true,2021-03-08T00:00:00Z,2021-03-08T00:00:00Z,2021-10-27T00:00:00Z,279,2750,2022-01-19T16:40:39Z,,56,0.3583,false,true,4643066.88,-4501503.27,-0.4923,64429,-36013,-0.3585,4643066.88,-4501503.27,-0.4923,,,,,https://viper.exchange/
dfyn_polygon,Dfyn (Polygon),https://s3.us-east-2.amazonaws.com/nomics-api/static/images/exchanges/dfyn_polygon.png,A,trades,true,2020-10-07T00:00:00Z,2020-10-07T00:00:00Z,2021-11-08T00:00:00Z,504,943,2022-01-20T00:02:12Z,,57,0.3589,false,true,3542849.09,-2398490.05,-0.4037,9075,898,0.1098,3542849.09,-2398490.05,-0.4037,,,,,https://www.dfyn.network
mercado_bitcoin,Mercado Bitcoin,https://s3.us-east-2.amazonaws.com/nomics-api/static/images/exchanges/mercado_bitcoin.png,A,trades,true,2013-06-12T00:00:00Z,2013-06-12T00:00:00Z,2020-01-07T00:00:00Z,39,16,2022-01-20T00:01:26Z,BRL,58,0.4400,true,false,3337846.89,-347660.33,-0.0943,14442,-2178,-0.1310,3337846.89,-347660.33,-0.0943,,,,Brazil,https://www.mercadobitcoin.com.br/
currency,Currency.com,https://s3.us-east-2.amazonaws.com/nomics-api/static/images/exchanges/currency.svg,A+,trades,true,2020-03-13T00:00:00Z,2020-03-13T00:00:00Z,2019-04-18T00:00:00Z,476,149,2022-01-19T23:59:58.373Z,BYN;EUR;GBP;HKD;RUB;USD,59,0.4909,true,false,2954186.83,-2109190.41,-0.4166,4902,-1374,-0.2189,2954186.83,-2109190.41,-0.4166,,,,Belarus,https://currency.com/
pancakeswap,PancakeSwap V1,https://s3.us-east-2.amazonaws.com/nomics-api/static/images/exchanges/pancakeswap.jpg,A,trades,true,2020-09-18T00:00:00Z,2020-09-18T00:00:00Z,2021-10-27T00:00:00Z,5497,115221,2022-01-20T00:00:09Z,,60,0.6015,false,true,2589297.18,-608540.42,-0.1903,15373,-1713,-0.1003,2589297.18,-608540.42,-0.1903,,,,Japan,https://pancakeswap.finance
ubeswap,Ubeswap,https://s3.us-east-2.amazonaws.com/nomics-api/static/images/exchanges/ubeswap.png,A,trades,true,2021-02-23T00:00:00Z,2021-02-23T00:00:00Z,2021-10-27T00:00:00Z,117,406,2022-01-20T00:02:22Z,,61,0.2830,false,true,2481131.41,154136.02,0.0662,13125,-150,-0.0113,2481131.41,154136.02,0.0662,,,,,https://ubeswap.org
apeswap_polygon,ApeSwap (Polygon),https://s3.us-east-2.amazonaws.com/nomics-api/static/images/exchanges/apeswap.jpg,A,trades,true,2021-06-03T00:00:00Z,2021-06-03T00:00:00Z,2021-10-27T00:00:00Z,224,513,2022-01-20T00:01:34Z,,62,0.4776,false,true,2417878.53,-908319.78,-0.2731,6302,-696,-0.0995,2417878.53,-908319.78,-0.2731,,,,,https://apeswap.finance
farhad,FarhadMarket,https://s3.us-east-2.amazonaws.com/nomics-api/static/images/exchanges/farhad.png,A+,trades,true,2019-06-03T00:00:00Z,2019-06-03T00:00:00Z,2020-01-14T00:00:00Z,30,0,2022-01-20T00:02:08.257515Z,IRR;TRY,63,0.1920,true,false,1921587.13,-80330.88,-0.0401,51988,-1510,-0.0282,1921587.13,-80330.88,-0.0401,,,,Iran,https://app.farhadmarket.com/
binance_dex,Binance DEX,https://s3.us-east-2.amazonaws.com/nomics-api/static/images/exchanges/binance_dex.png,A,trades,true,2019-04-25T00:00:00Z,2019-04-25T00:00:00Z,2019-07-26T00:00:00Z,164,0,2022-01-20T00:01:38.556Z,,64,0.5221,false,true,1560977.89,-288284.17,-0.1559,7581,-1322,-0.1485,1560977.89,-288284.17,-0.1559,,,,Malta,https://www.binance.org/
redot,Redot,https://s3.us-east-2.amazonaws.com/nomics-api/static/images/exchanges/redot.png,A+,trades,true,2020-05-07T00:00:00Z,2020-05-07T00:00:00Z,2020-09-23T00:00:00Z,10,2,2022-01-20T00:01:20.276Z,,65,0.2536,true,false,1481363.09,-72072.23,-0.0464,11423,-469,-0.0394,1481363.09,-72072.23,-0.0464,,,,Estonia,https://redot.com/
cherryswap,CherrySwap,https://s3.us-east-2.amazonaws.com/nomics-api/static/images/exchanges/cherryswap.png,A,trades,true,2021-07-27T00:00:00Z,2021-07-27T00:00:00Z,2021-10-27T00:00:00Z,155,2195,2022-01-20T00:01:10Z,,66,0.3165,false,true,1015475.99,-650292.75,-0.3904,8158,-2473,-0.2326,1015475.99,-650292.75,-0.3904,,,,,https://www.cherryswap.net/
therocktrading,The Rock Trading,https://s3.us-east-2.amazonaws.com/nomics-api/static/images/exchanges/therocktrading.png,A,trades,true,2011-11-09T00:00:00Z,2011-11-09T00:00:00Z,2020-04-04T00:00:00Z,25,1,2022-01-19T23:58:42.714Z,EUR;GBP,67,0.4107,true,false,989404.79,-373333.24,-0.2740,3037,-1118,-0.2691,989404.79,-373333.24,-0.2740,,,,Italy,https://therocktrading.com/
dfx_polygon,DFX (Polygon),https://s3.us-east-2.amazonaws.com/nomics-api/static/images/exchanges/dfx.jpg,A,trades,false,2021-07-21T00:00:00Z,2021-07-21T00:00:00Z,,5,0,2022-01-19T23:54:16Z,,68,0.2159,false,true,711690.81,416128.39,1.4079,101,-11,-0.0982,711690.81,416128.39,1.4079,,,,,https://dfx.finance
mimo,Mimo,https://s3.us-east-2.amazonaws.com/nomics-api/static/images/exchanges/mimo.jpg,A,trades,true,2021-06-22T00:00:00Z,2021-06-22T00:00:00Z,2021-10-27T00:00:00Z,57,330,2022-01-20T00:00:10Z,,69,0.1465,false,true,622218.38,-402045.41,-0.3925,4604,-2160,-0.3193,622218.38,-402045.41,-0.3925,,,,,https://mimo.finance
1inchv2,1inch V2 (Ethereum),https://s3.us-east-2.amazonaws.com/nomics-api/static/images/exchanges/1inchv2.jpg,A,trades,false,2021-01-07T00:00:00Z,2021-01-07T00:00:00Z,,233,27,2022-01-19T23:54:31Z,,70,0.4441,false,true,495382.29,50887.53,0.1145,88,19,0.2754,495382.29,50887.53,0.1145,,,,,https://1inch.io
kaidex,KaiDex,https://s3.us-east-2.amazonaws.com/nomics-api/static/images/exchanges/kaidex.svg,A,trades,true,2021-05-20T00:00:00Z,2021-05-20T00:00:00Z,2021-11-02T00:00:00Z,17,33,2022-01-20T00:01:39Z,,71,0.1973,false,true,472708.03,236343.33,0.9999,3137,390,0.1420,472708.03,236343.33,0.9999,,,,,https://kaidex.io
sushiswap_fantom,SushiSwap (Fantom),https://s3.us-east-2.amazonaws.com/nomics-api/static/images/exchanges/sushiswap.jpg,A,trades,true,2021-02-26T00:00:00Z,2021-02-26T00:00:00Z,2021-10-27T00:00:00Z,52,983,2022-01-20T00:01:42Z,,72,0.4558,false,true,414118.98,-58235.45,-0.1233,1018,-16,-0.0155,414118.98,-58235.45,-0.1233,,,,,https://sushi.com
dfx,DFX (Ethereum),https://s3.us-east-2.amazonaws.com/nomics-api/static/images/exchanges/dfx.jpg,A,trades,false,2021-05-19T00:00:00Z,2021-05-19T00:00:00Z,,6,0,2022-01-19T13:18:24Z,,73,0.2050,false,true,360327.13,160956.87,0.8073,3,2,2.0000,360327.13,160956.87,0.8073,,,,,https://dfx.finance
sigen,SIGEN.pro,https://s3.us-east-2.amazonaws.com/nomics-api/static/images/exchanges/sigen.jpg,A+,trades,true,2017-11-08T00:00:00Z,2017-11-08T00:00:00Z,2020-08-03T00:00:00Z,150,63,2022-01-19T23:48:57Z,AMD;AUD;AZN;BRL;BYN;CNY;EUR;GHS;IDR;KGS;KZT;MDL;MYR;NZD;PLN;RUB;TJS;UAH;UGX;USD;VND;ZAR;ZWL,74,0.2454,true,false,350380.67,5350.63,0.0155,3585,-1614,-0.3104,350380.67,5350.63,0.0155,,,,United Kingdom,https://sigen.pro
sushiswap_xdai,SushiSwap (xDai),https://s3.us-east-2.amazonaws.com/nomics-api/static/images/exchanges/sushiswap.jpg,A,trades,true,2021-03-03T00:00:00Z,2021-03-03T00:00:00Z,2021-10-27T00:00:00Z,33,299,2022-01-19T23:54:30Z,,75,0.4493,false,true,344192.00,-34765.24,-0.0917,2437,577,0.3102,344192.00,-34765.24,-0.0917,,,,,https://sushi.com
honeyswap,Honeyswap (xDai),https://s3.us-east-2.amazonaws.com/nomics-api/static/images/exchanges/honeyswap.png,A,trades,true,2020-09-03T00:00:00Z,2020-09-03T00:00:00Z,2021-10-27T00:00:00Z,111,1798,2022-01-20T00:00:10Z,,76,0.3211,false,true,221507.19,117195.24,1.1235,4614,1510,0.4865,221507.19,117195.24,1.1235,,,,,https://honeyswap.org/
jetswap_polygon,JetSwap (Polygon),https://s3.us-east-2.amazonaws.com/nomics-api/static/images/exchanges/jetswap.jpg,A,trades,true,2021-07-06T00:00:00Z,2021-07-06T00:00:00Z,2021-10-27T00:00:00Z,79,215,2022-01-20T00:01:42Z,,77,0.2815,false,true,219906.85,16238.95,0.0797,6016,597,0.1102,219906.85,16238.95,0.0797,,,,,https://polygon.jetswap.finance
sushiswap_bsc,SushiSwap (BSC),https://s3.us-east-2.amazonaws.com/nomics-api/static/images/exchanges/sushiswap.jpg,A,trades,true,2021-02-26T00:00:00Z,2021-02-26T00:00:00Z,2021-10-27T00:00:00Z,469,767,2022-01-19T23:59:06Z,,78,0.4276,false,true,185931.08,-58104.37,-0.2381,1210,-290,-0.1933,185931.08,-58104.37,-0.2381,,,,,https://sushi.com
dfyn_fantom,Dfyn (Fantom),https://s3.us-east-2.amazonaws.com/nomics-api/static/images/exchanges/dfyn_fantom.png,A,trades,true,2021-10-05T00:00:00Z,2021-10-05T00:00:00Z,2021-11-08T00:00:00Z,12,14,2022-01-19T23:59:59Z,,79,0.2864,false,true,168097.71,31927.06,0.2345,289,-21,-0.0677,168097.71,31927.06,0.2345,,,,,https://www.dfyn.network
jetswap,JetSwap (BSC),https://s3.us-east-2.amazonaws.com/nomics-api/static/images/exchanges/jetswap.jpg,A,trades,true,2021-05-07T00:00:00Z,2021-05-07T00:00:00Z,2021-10-27T00:00:00Z,80,71,2022-01-19T23:57:33Z,,80,0.2738,false,true,156870.06,88996.02,1.3112,956,16,0.0170,156870.06,88996.02,1.3112,,,,,https://jetswap.finance
waultswap_bsc,WaultSwap (BSC),https://s3.us-east-2.amazonaws.com/nomics-api/static/images/exchanges/waultswap_bsc.png,A,trades,true,2021-04-18T00:00:00Z,2021-04-18T00:00:00Z,2021-10-27T00:00:00Z,182,78,2022-01-19T23:58:33Z,,81,0.2919,false,true,134624.93,25652.19,0.2354,1800,-167,-0.0849,134624.93,25652.19,0.2354,,,,,https://wault.finance
sushiswap_celo,SushiSwap (Celo),https://s3.us-east-2.amazonaws.com/nomics-api/static/images/exchanges/sushiswap.jpg,A,trades,true,2021-06-16T00:00:00Z,2021-06-16T00:00:00Z,2021-10-27T00:00:00Z,21,122,2022-01-20T00:02:52Z,,82,0.4143,false,true,127536.31,-43629.85,-0.2549,1503,10,0.0067,127536.31,-43629.85,-0.2549,,,,,https://sushi.com
kuswap,KuSwap,https://s3.us-east-2.amazonaws.com/nomics-api/static/images/exchanges/kuswap.png,A,trades,true,2021-06-26T00:00:00Z,2021-06-26T00:00:00Z,2021-11-01T00:00:00Z,19,602,2022-01-20T00:00:50Z,,83,0.2096,false,true,126160.23,58989.31,0.8782,2232,78,0.0362,126160.23,58989.31,0.8782,,,,,https://kuswap.finance/
polycat,Polycat,https://s3.us-east-2.amazonaws.com/nomics-api/static/images/exchanges/polycat.png,A,trades,true,2021-08-07T00:00:00Z,2021-08-07T00:00:00Z,2021-11-09T00:00:00Z,80,246,2022-01-19T23:57:44Z,,84,0.2577,false,true,124260.75,-20942.33,-0.1442,1631,-125,-0.0712,124260.75,-20942.33,-0.1442,,,,,https://polycat.finance
defiplaza,DefiPlaza,https://s3.us-east-2.amazonaws.com/nomics-api/static/images/exchanges/defiplaza.svg,A+,trades,false,2021-10-04T00:00:00Z,2021-10-04T00:00:00Z,,120,33,2022-01-19T22:59:27Z,,85,0.0791,false,true,101382.38,-36778.15,-0.2662,49,-13,-0.2097,101382.38,-36778.15,-0.2662,,,,Netherlands,https://app.defiplaza.net
blocktrade,Blocktrade,https://s3.us-east-2.amazonaws.com/nomics-api/static/images/exchanges/blocktrade.png,A+,trades,false,2018-09-30T00:00:00Z,2018-09-30T00:00:00Z,,35,0,2022-01-19T23:34:28Z,EUR,86,0.2112,true,false,77473.47,18086.15,0.3045,276,49,0.2159,18885.37,-2342.44,-0.1103,,,,Luxembourg,https://blocktrade.com/
yetiswap,YetiSwap,https://s3.us-east-2.amazonaws.com/nomics-api/static/images/exchanges/yetiswap.jpg,A,trades,true,2021-02-17T00:00:00Z,2021-02-17T00:00:00Z,2021-10-27T00:00:00Z,33,20,2022-01-19T23:57:50Z,,87,0.1738,false,true,70941.18,-79258.69,-0.5277,507,-98,-0.1620,70941.18,-79258.69,-0.5277,,,,,https://yetiswap.app
latteswap,LatteSwap,https://s3.us-east-2.amazonaws.com/nomics-api/static/images/exchanges/latteswap.png,A,trades,true,2021-09-18T00:00:00Z,2021-09-18T00:00:00Z,2021-10-27T00:00:00Z,35,7,2022-01-19T23:53:36Z,,88,0.1018,false,true,67831.65,-15045.91,-0.1815,312,-51,-0.1405,67831.65,-15045.91,-0.1815,,,,,https://www.latteswap.com/
1inchv2_bsc,1inch V2 (BSC),https://s3.us-east-2.amazonaws.com/nomics-api/static/images/exchanges/1inchv2.jpg,A,trades,false,2021-02-24T00:00:00Z,2021-02-24T00:00:00Z,,659,541,2022-01-20T00:02:27Z,,89,0.3695,false,true,54787.22,-7415.85,-0.1192,283,-52,-0.1552,54787.22,-7415.85,-0.1192,,,,,https://1inch.io
namebase,Namebase,https://s3.us-east-2.amazonaws.com/nomics-api/static/images/exchanges/namebase.jpg,A,trades,true,2020-02-03T00:00:00Z,2020-02-03T00:00:00Z,2020-02-11T00:00:00Z,1,0,2022-01-19T23:33:42.992Z,,90,0.3331,true,false,52184.65,-21293.71,-0.2898,301,-25,-0.0767,52184.65,-21293.71,-0.2898,,,,United States,https://www.namebase.io
jetswap_fantom,JetSwap (Fantom),https://s3.us-east-2.amazonaws.com/nomics-api/static/images/exchanges/jetswap.jpg,A,trades,true,2021-09-12T00:00:00Z,2021-09-12T00:00:00Z,2021-10-27T00:00:00Z,21,37,2022-01-20T00:00:00Z,,91,0.2417,false,true,38718.21,950.48,0.0252,443,-2,-0.0045,38718.21,950.48,0.0252,,,,,https://fantom.jetswap.finance
padswap,PadSwap,https://s3.us-east-2.amazonaws.com/nomics-api/static/images/exchanges/padswap.png,A,trades,true,2021-06-04T00:00:00Z,2021-06-04T00:00:00Z,2021-10-27T00:00:00Z,33,39,2022-01-19T23:56:09Z,,92,0.2116,false,true,36605.74,11325.00,0.4480,187,34,0.2222,36605.74,11325.00,0.4480,,,,,https://padswap.exchange
waultswap_polygon,WaultSwap (Polygon),https://s3.us-east-2.amazonaws.com/nomics-api/static/images/exchanges/waultswap_polygon.png,A,trades,true,2021-06-08T00:00:00Z,2021-06-08T00:00:00Z,2021-10-27T00:00:00Z,105,250,2022-01-20T00:00:40Z,,93,0.2581,false,true,34334.45,-26690.46,-0.4374,1091,-567,-0.3420,34334.45,-26690.46,-0.4374,,,,,https://wault.finance
zebitex,ZEBITEX,https://s3.us-east-2.amazonaws.com/nomics-api/static/images/exchanges/zebitex.svg,A+,trades,false,2018-11-27T00:00:00Z,2018-11-27T00:00:00Z,,114,0,2022-01-19T23:53:15Z,EUR;USD,94,0.1510,true,false,29994.55,-56287.33,-0.6524,254,-28,-0.0993,9969.45,-28650.56,-0.7419,248.18,-3320.19,-0.9305,France,https://zebitex.com
crodex,Crodex,https://s3.us-east-2.amazonaws.com/nomics-api/static/images/exchanges/crodex.jpg,A,trades,true,2021-11-08T00:00:00Z,2021-11-08T00:00:00Z,2022-01-19T00:00:00Z,6,680,2022-01-19T23:55:14Z,,95,0.1926,false,true,17808.06,-10079.42,-0.3614,94,15,0.1899,17808.06,-10079.42,-0.3614,,,,,https://crodex.app
empiredex_bsc,Empire DEX (BSC),https://s3.us-east-2.amazonaws.com/nomics-api/static/images/exchanges/empiredex_bsc.jpg,A,trades,true,2021-08-07T00:00:00Z,2021-08-07T00:00:00Z,2021-10-27T00:00:00Z,21,8,2022-01-19T23:22:48Z,,96,0.1907,false,true,12952.09,-3772.80,-0.2256,65,-41,-0.3868,12952.09,-3772.80,-0.2256,,,,,https://www.empiredex.org
qtrade,qTrade,https://s3.us-east-2.amazonaws.com/nomics-api/static/images/exchanges/qtrade.png,A,trades,true,2018-04-27T00:00:00Z,2018-04-27T00:00:00Z,2020-02-10T00:00:00Z,53,8,2022-01-19T23:37:30.109Z,,97,0.2088,true,false,11062.43,2714.30,0.3251,155,11,0.0764,11062.43,2714.30,0.3251,,,,United States,https://qtrade.io
levinswap,Levinswap,https://s3.us-east-2.amazonaws.com/nomics-api/static/images/exchanges/levinswap.png,A,trades,true,2021-01-16T00:00:00Z,2021-01-16T00:00:00Z,2021-10-27T00:00:00Z,63,214,2022-01-19T23:49:45Z,,98,0.1045,false,true,6530.57,2660.55,0.6875,1272,-135,-0.0959,6530.57,2660.55,0.6875,,,,,https://levinswap.org
baguette,Baguette,https://s3.us-east-2.amazonaws.com/nomics-api/static/images/exchanges/baguette.jpg,A,trades,true,2021-04-30T00:00:00Z,2021-04-30T00:00:00Z,2021-10-27T00:00:00Z,54,18,2022-01-19T23:52:40Z,,99,0.1018,false,true,5209.10,1641.52,0.4601,95,-30,-0.2400,5209.10,1641.52,0.4601,,,,,https://baguette.exchange
honeyswap_polygon,Honeyswap (Polygon),https://s3.us-east-2.amazonaws.com/nomics-api/static/images/exchanges/honeyswap.png,A,trades,true,2021-05-23T00:00:00Z,2021-05-23T00:00:00Z,2021-10-27T00:00:00Z,102,104,2022-01-20T00:00:20Z,,100,0.2185,false,true,4347.60,-1892.23,-0.3032,201,-102,-0.3366,4347.60,-1892.23,-0.3032,,,,,https://honeyswap.org/